source	NPS	AVG
email	18.596311475409834	7.444159836065574
mobile	-14.714047751249307	6.550249861188229
web	22.09606986899563	7.52882096069869
